date,ex_mkt,NYSELW,NasdaqGSTSCO,NYSETDOC,NYSEBMY,NYSEUNH,NYSETWLO,NYSENSC,NYSESCHW,NYSEMAS,NYSEMTD,NYSEMO,AMEXLNG,NYSEPFE,NYSERF,NYSEPRU,NasdaqGSEA,NasdaqGSWDC,NasdaqGSODFL,NYSEBDX,NasdaqGSTXN,NYSEINVH,NYSEHPE,NYSESLB,NYSEAAP,NYSEPSX,NYSEABBV,NasdaqGSTRMB,NYSEMET,NasdaqGSTMUS,NYSEMOH,NYSELDOS,NasdaqGSCHRW,NYSEUSB,NYSEBK,NYSENUE,NYSECOF,NYSENRG,NYSEBA,NasdaqGSOKTA,NYSEALL,NYSERPM,NYSEAME,NYSEPPG,NasdaqGSCPRT,NYSETEL,NYSEIT,NYSEEXR,NasdaqGSVRSN,NasdaqGSNLOK,NYSEWM,NYSEROK,NasdaqGSSBUX,NYSEABC,NYSEMMC,NYSEHII,NasdaqGSISRG,NYSEEOG,NYSENVR,NYSETIF,NYSEHCA,NasdaqGSFAST,NYSEDE,NYSESTT,NYSEVTR,NasdaqGSMNST,NYSEFE,NasdaqGSILMN,NYSEL,NasdaqGSROKU,NasdaqGSSPLK,NYSEMRK,NasdaqGSEXC,NasdaqGSNFLX,NYSEHRL,NasdaqGSGILD,NasdaqGSWDAY,NasdaqGSPAYX,NYSEBX,NYSEBRO,NYSEAFL,NYSENOC,NYSEMKC,NYSEC,NYSECFG,NYSETMO,NasdaqGSNVDA,NasdaqGSCTAS,NasdaqGSHAS,NYSEWAB,NYSEDHI,NYSEGLW,NYSEPEAK,NYSECL,NYSEATUS,NYSEKKR,NYSERMD,NasdaqGSINTC,NasdaqGSQCOM,NYSEBKR,NYSEFTV
31jan2017,.019400001,-.007906273,-.028261796,.21208788,-.15327384,.012838454,-.00072657422,.086854793,.044810854,.045273948,.019247057,.052613817,.15009943,-.023124434,.0034485417,.010056991,.05926073,.17332944,.028991021,.070881799,.041758616,,-.019912299,-.0028921803,-.028888583,-.055466734,-.014300468,-.017612107,.0096159624,.082734883,.04530393,-.055176087,.038186692,.024883928,-.051958468,-.024058865,.0016860617,.35153428,.049684033,,.01467255,-.023584222,.051406998,.055369791,.023969553,.073147953,-.0169523,-.067226507,.054390222,.15316883,-.019917693,.10108274,-.0054368004,.11622194,.0113864,.053009722,.092244759,.0063210428,.11320813,.016626878,.0845384,.064226113,.038883593,-.019590726,-.013628977,-.039275553,-.021021387,.25035718,-.0053717955,,.13114946,.052964799,.010955677,.13655794,.047850009,.011696867,.25719169,-.0022209517,.13315201,-.060889337,.0055701383,-.015081918,.023753228,-.060608808,.01902796,.079980843,.022825947,.0047260998,.067233294,.043570608,.094368428,.09143766,.020155093,-.0074707605,,.12797183,.088443704,.015130718,-.18055481,-.029123681,.031292412
28feb2017,.035700001,.048949558,-.034291919,.10246667,.15354683,.020201087,.10020947,.035739023,-.018179869,.025156338,.11620322,.052509509,.0083612101,.086244896,.059647404,.058709681,.036763974,-.035778977,.039386705,.032455809,.014263717,,.0061395029,-.034174532,-.046489742,-.034461059,.011912338,.047569636,-.029090121,.004142032,-.14477946,.10302959,.056632459,.044601057,.053845491,.077088371,.078932762,.0011758935,.11231717,,.097415626,.019675801,.05613105,.028213657,.042264868,.0064983498,.038714655,.099064514,.028142704,.039724518,.054930687,.026095761,.034487925,.052645322,.080237173,.1264876,.063934676,-.045219392,.04139293,.16701443,.086663231,.0070117568,.022759756,.046029657,.054774504,-.027263381,.082570627,.045563169,.0098904874,,.066852249,.062557414,.032757789,.010058345,-.028958933,-.027224503,-.0019589562,.018709419,-.020849898,.026279354,.040076852,.078585491,.030003292,.074321359,.033143323,.034680229,-.06938602,.016330454,.17400618,-.074214719,.073431939,.048141778,.094623983,.1300379,,.047782861,.071594089,-.0098532932,.06693349,-.04181841,.043530326
31mar2017,.0017,.07320796,-.027383626,.13376184,-.041111235,-.0046123811,-.089873672,-.074882463,.0098735504,.0061917226,.0056236498,-.039074,-.016258091,.0026127589,-.044412877,-.034944493,.034888305,.080170445,-.066496357,.0060985554,.051397607,.0018106914,.041564215,-.028148443,-.052966386,.013148035,.053661931,.03155734,.0072213877,.032919187,-.060012631,-.034700982,-.032932907,-.058660761,.001884204,-.039552089,-.076734997,.12920201,-.018723331,,-.008179822,.032626543,.0037016801,.025846325,.047151193,.0010492544,.046288341,-.050731711,.056237884,.073828697,.00036770914,.030484594,.026702611,-.032917585,.0055547566,-.081071347,.039961435,.0057487916,.088818759,.042495891,.020034602,.02935735,-.00024152405,.0035288157,.011905193,.11411593,-.018834738,.019329838,-.004494986,,.0090467641,-.028436638,-.01991058,.039938413,-.017613668,-.02893226,.0041954271,-.041053999,.0053913598,-.032043587,.00094250153,-.033925239,-.0088646505,.00014220392,-.075486578,-.024982244,.07338848,.07225702,.030428186,-.0264853,.040912483,-.022118436,-.046075597,.0028525046,,.011067611,-.00085798057,-.0036161556,.015201624,-.0076560359,.044554349
30apr2017,.0109,-.0030092683,-.102405,-.0080416668,.038146805,.066234782,.14474531,.049257249,-.048069131,.092318803,.072017804,.0049989405,-.040659394,-.0085187359,-.053723715,.0032391739,.059162978,.079202242,.034433037,.019201683,-.011075304,-.01286806,.048250657,-.070592247,-.041320503,.0042501832,.021996651,.10679995,-.019163212,.041450825,.091844298,.029680662,-.059428394,-.004313508,.00038436591,.026917482,-.072508775,-.094726622,.045022223,,-.0024959508,-.039362505,.057650641,.045257155,-.0021408109,.037785303,.056445044,.015282976,.020736659,.030923173,-.0019615833,.010490734,.028559117,-.072923012,.0078739515,.003204437,.090503298,-.050195921,.0020324904,-.038341772,-.053755559,-.12635648,.025220141,.053846024,-.015878076,-.017152345,-.059124019,.083291672,-.0032488375,,.032387294,-.019084787,-.037562516,.029658623,.01800593,.0092339488,.049429994,.0064099552,.068059102,.028242156,.033926856,.034098931,.028853586,-.0091053452,.062476408,.076325521,-.04254603,-.032205418,-.0015214841,.075471148,-.012650483,.068476848,.0021961664,-.010431574,,.04109931,-.055342488,.0021762378,-.062825054,-.0075642471,.050439898
31may2017,.0106,.11156677,-.10505492,.23382097,-.037516549,.0016654588,-.26449782,.06108873,-.00064987398,.0061628609,.13510251,.050939139,.074260913,-.028174073,.0064954017,-.013264038,.19516198,.011064855,.0089874975,.012037496,.041753482,.0013305097,.0096118711,-.034490004,-.059920553,-.034981802,.001163229,.017167047,-.016042832,.0021798203,.29679674,.055020265,-.072109431,-.0076553016,.0012249836,-.052715909,-.03838554,-.049754135,.022870425,.0018693857,.062073253,.031723205,.066733219,-.028216409,.0093351137,.024473216,.048245206,.025635159,.01389512,-.041782547,.0017362111,.013543352,.06342034,.12316602,.046220057,-.022344952,.094234996,-.023725679,.081006244,-.051222943,-.027362671,-.033845875,.097163513,-.029132241,.038693953,.1140972,-.01116698,-.040621243,.012887204,,-.047787521,.044551313,.058733933,.071369186,-.041384101,-.053441688,.14388594,.0069752713,.066097826,.015506055,.012521552,.053861205,.042492542,.023968942,-.067591704,.045071878,.38539609,.027793555,.062002264,-.024359487,-.0030422651,.013930617,.011895027,.05991669,,-.02060282,.05075058,.0062608547,.076131471,-.068447679,-.011749333
30jun2017,.0077999998,-.051116582,-.017094433,.13393694,.032758139,.062775292,.19739962,-.018835779,.10859516,.025721816,.0097816773,-.004856606,-.0002552545,.028740216,.063266955,.03132816,-.067199036,-.010876689,.067414619,.034960546,-.06745211,.0050615221,-.11468516,-.053937055,-.12714246,.086403817,.098253533,-.010316371,.085935377,-.10091028,.071345381,-.064320885,.024871653,.025775706,.082717389,.0026483384,.074052967,.072179139,.053885937,-.12648678,.028680962,.0058508087,-.0059827967,.033797305,.019186934,-.0022059996,.032642309,.017308781,.0310059,-.065684669,.011843092,.020363307,-.083370239,.030025179,.0051072999,-.04933247,.022569932,.0022753251,.056132581,.085374385,.064533077,.0082891192,.014165448,.1061606,.057171997,-.017455064,-.0027860003,-.02170088,-.0074715535,,-.071082003,-.008478038,-.0066597741,-.083817706,.014222972,.099495098,-.029855963,-.038712852,.0142444,-.0083391899,.030462069,-.0058977259,-.063804202,.10467415,.046284333,.010547105,.0014047994,.0012210555,.059326779,.11921606,.057459947,.032596022,.01973301,-.029253768,,.0097220177,.095167994,-.065682776,-.035845362,-.011654689,.014361527
31jul2017,.0187,-.0014207343,.035175025,-.054813378,.028246026,.034403969,.0020028141,-.07499671,-.0014549794,.00042653686,-.026326725,-.12762648,-.072117455,-.012859782,-.0027905486,.047010273,.10417927,-.039335985,.0069765337,.032179885,.064234376,-.014390243,.055396769,.041861478,-.03934129,.012760621,-.027249001,.049282849,.001033771,.017097721,-.034461342,.033797346,-.044903982,.016505616,.044078674,-.003514363,.043030508,.43141955,.22603522,-.037339035,.028887842,-.044043113,.016616588,-.042892091,-.009495263,.021675274,.03888588,.019172428,.088259228,.096932784,.024481533,.018896963,-.074316606,-.0075691678,.0049221022,.10710755,.0030313521,.052927498,.082837701,.017412636,-.078728057,-.0056495713,.037889715,.038947575,-.030714644,.061737157,.094248936,.0018434647,.039890394,,.054784346,-.0033349849,.062874869,.21579067,.0069487249,.074962869,.05262208,.024441037,.018893624,.035465222,.02658947,.024950432,-.017951723,.023416553,-.011783208,.0060172095,.12411156,.069840111,-.045444585,-.17645179,.032339718,-.030341176,-.0097579509,-.020669967,.035235781,.041877106,-.0096897744,.051216096,-.036820363,-.028547201,.021883249
31aug2017,.0016,.038452938,.065686852,.022790855,.062842414,.036888659,.0036959974,.076289959,-.068260081,-.035742462,.055781074,-.024240006,-.053393584,.032836072,-.033636663,-.091912396,.04069937,.036931571,.041526504,-.0098068733,.017619764,.089286663,.031335577,-.074273251,-.1260459,.0090832291,.077024132,.033320669,-.040966913,.049389806,-.04199117,.091242366,.083414316,-.029063256,-.014217942,-.044465493,-.071979456,.011704042,-.005727795,.22953776,-.0014936645,-.055984005,.027044192,-.0046506813,.038032334,-.0048469719,-.060315028,-.023597006,.025426632,-.030095534,.026006171,-.0013704011,.020815209,-.14079466,.0013357962,.041018516,.070704959,-.10675988,.042220552,-.043107145,-.020986132,-.0068254238,-.09634877,-.0080123646,.016109116,.05812405,.032461859,.17599633,-.041952644,,.11790534,-.00038809038,-.0036872986,-.038333286,-.10045544,.10006957,.074158669,-.014249588,-.021599669,.011095011,.040639751,.038267434,-.0018588336,-.001608315,-.055662218,.066067539,.043486524,.001111507,-.072137713,-.062096376,.015589557,-.0077675236,-.046461366,-.0078312289,-.087694623,-.010472635,.010695087,-.0039436584,-.006486515,-.076633774,.0045454521
30sep2017,.0251,.030927643,.063443743,-.011997504,.053827118,-.011672564,.019392213,.097170271,.096165597,.060844231,.034746263,.010914814,.052507378,.05240142,.086481228,.041461047,-.028387753,-.015712408,.10323161,-.013960771,.082272261,-.021250473,.055318102,.10705087,.013845917,.092992671,.18000469,.014661297,.10925665,-.047208365,.074300006,.021158526,.077370845,.051408935,.014079561,.023750428,.063359238,.027223283,.060636006,.045126926,.015505114,.048321985,.045481145,.041527763,.051316861,.043392338,.031602584,.039866153,.025370784,.094321251,.020666795,.086173937,-.021037448,.031077651,.073311277,.058253657,.04094344,.13817656,.049229443,.0097257858,.01174804,.068122789,.088547722,.03744971,-.037702404,-.010286395,-.053788915,-.025801303,.027404619,,-.0099125318,.0098393345,-.005356208,.037930839,.045468263,-.026157675,-.039276388,.051301461,.019478936,.071766645,-.01412708,.056903064,.078869604,.069159172,.14299773,.011725456,.054988734,.06858658,-.0059783021,.073327295,.10448932,.040258773,-.066495687,.016815014,-.10495865,.069362141,-.0080667576,.085753337,-.0083015114,.080161005,.089504801
31oct2017,.022500001,.08736369,-.047949865,-.0030915914,-.026844738,.073297478,.07027676,-.0062758438,.025073608,.023447366,.090109617,.012539307,.037669227,-.018002182,.016339971,.038864061,.012969209,.033142589,.10000673,.06483952,.085475914,-.00011676039,-.053779967,-.082643807,-.17608306,-.0058604009,.022652952,.04145366,.031301316,-.030726962,-.013600306,.05564943,.031856667,.014666541,-.025199139,.031866457,.088750891,-.021957608,.014755261,.02509338,.021141404,.04513688,.021881383,.069683887,.055787671,.09515737,.0071591451,.020820893,.010546299,-.009523306,.04975253,.1267978,.020963909,-.070165642,-.030092645,.028144399,.07660684,.034072552,.14926651,.019972941,-.049578704,.037205953,.057971023,-.03712754,-.036617305,.048431788,.068689197,.029995281,.034400549,-.23217748,.013021492,-.13969706,.067352653,.083079122,-.025153911,-.074871346,.053060971,.072116345,.010697298,.037326612,.030641312,.027069448,-.025717352,.010373168,.0083887745,.024396459,.15677458,.032916401,-.046392962,.009825998,.10711256,.046382234,-.071580559,-.027701529,-.13299334,-.013847763,.093739972,.19451535,-.016085811,-.14180085,.020690648
30nov2017,.031199999,.070128553,.13721044,.12247494,.024746824,.088984773,-.16563787,.059698954,.089993708,.077532537,-.078322828,.056146357,.033737354,.043610781,.071638793,.055857915,-.11085262,-.1166792,.066886202,.09357401,.0061387364,.0433538,.0020884646,-.018035423,.23555848,.079241142,.073839143,.027085977,.0090425517,.021683376,.15340525,.01672795,.10333332,.014092962,.063878931,-.0057730447,.0025322179,.10593334,.07865262,.009960996,.097715959,-.0068170968,.07698179,.0090918858,.18924168,.042423747,-.035339192,.046139974,.070431843,-.10631179,.0060825907,-.034360372,.059858643,.10744793,.037002403,.041068703,.064990878,.024465222,.058942221,.009333034,.12352883,.11532616,.12771781,.036346368,.020013016,.081756219,.047564592,.12099186,.016765479,1.154006,.18997791,.0032007168,.045371991,-.045120884,.16970228,-.0024679543,-.072055139,.055114388,-.04722796,.028223895,.050234683,.040098459,.026558474,.031561133,.070704184,-.005586965,-.028888064,.06785769,.0045774733,.0067649051,.15637194,.03951022,.037396614,.028322259,-.24626596,.0020100209,.018748855,-.0085248193,.31143349,-.04868038,.034007441
31dec2017,.0106,.038181391,.0953236,-.0607219,-.030301291,-.033865593,-.1148537,.045153301,.052804686,.023928717,-.015475264,.062191088,.11416341,-.0011781366,.047133017,-.0074990331,-.012204757,.014688136,.018596182,-.058854762,.07341662,.00077426335,.034638293,.080524273,-.01244424,.036722865,-.0022417333,-.032225512,-.058197211,.039879151,-.020013649,.020770309,.033626899,-.023122327,-.016150992,.11220595,.082316302,.029943068,.0653513,-.12332046,.019893829,-.01045823,-.0018501289,-.00033173664,.00062008807,.0062782397,.018619681,.033613618,-.0058091441,-.031486772,.049165118,.016860984,-.0068200706,.0824527,-.030338308,-.024778105,-.087222926,.054557525,.009484712,.10541896,.033336762,.043826528,.048266228,.028022975,-.050146855,.0098180901,-.10317985,-.050242372,-.0050471593,.17942387,.034261372,.026678011,-.055217654,.023275038,-.0017210883,-.035515204,-.01230801,.011364616,.0093827425,.0040225536,.001522431,.001589492,.0023866836,-.014512075,.031374633,-.014243551,-.035997473,-.010301116,-.022973305,.058832664,.0012975489,-.012424509,-.013690741,.04133286,.18928073,.057153907,-.0083888108,.029362995,-.035046358,.064169869,-.030885451
31jan2018,.055799998,.037995137,.019975215,.073079064,.028151821,.073935367,.11177275,.041178174,.038257562,.018686889,.089881219,-.015075557,.050428391,.022547731,.11275561,.033305448,.20836064,.11873141,.11317325,.13482377,.055796299,-.045912612,.14196959,.091761723,.17344628,.012266215,.16860828,.085046127,-.04934008,.024943762,.19135329,.031347074,.026510635,.066351041,.057028573,.053069696,.043893065,-.085767828,.20152916,.14984976,-.056819778,.0017272672,.052757781,.016258271,.02028342,.078717262,.12650192,-.045489039,.0041026711,-.029671162,.024589673,.0046956996,-.010887417,.085401699,.030641545,.0077148653,.1827603,.067156307,-.094170712,.025882358,.15154767,.011473147,.063226976,.12858365,-.067413777,.077961743,.07436946,.064671025,.032288924,-.21561891,.11494938,.052867278,-.022928515,.40801418,-.051675811,.16964592,.17830424,.0097701922,.14138241,.019729557,.0046930318,.10945185,.067222647,.054605279,.098521024,.18018009,.27019256,.080894023,.046726376,-.0048810584,-.039645221,-.024161693,-.076778777,-.011023914,.011213065,.14330815,.19001341,.042802624,.065981448,.016027171,.050633986
28feb2018,-.036499999,-.074031793,-.14504158,.072100848,.057416316,-.04494343,.30173761,-.073879622,-.0041767904,-.079357222,-.087524652,-.1051528,-.071520239,-.010718343,.0092686685,-.097872563,-.025769046,-.021894319,-.051508535,-.086203463,-.012127778,-.027890544,.13344496,-.1017058,-.02351247,-.11086241,.032077283,-.14000097,-.031192204,-.069062479,-.20871688,-.049491063,.020682452,-.048744105,.0057284334,-.023389149,-.053972218,-.00585867,.027077658,.31026486,-.066002354,-.046643399,-.0074311043,-.049391095,.062082145,.0093220491,-.1826634,.01871524,.00948021,-.031991225,-.023952344,-.079576597,.01046472,-.041609194,-.0060782586,.10586219,-.012184237,-.11817861,-.10549823,-.052693635,-.015579781,-.0044584596,-.033441026,-.036580727,-.13677202,-.071321331,-.0060928692,-.019950677,-.043831263,.0036010956,.008893935,-.08498618,-.029213212,.077895761,-.054562975,-.060592864,.056460172,-.045805953,-.045934819,.0058322432,.013497242,.027835388,-.018387165,-.034288313,-.052597135,-.069387995,-.01493952,.013027954,.01048251,.0052667097,-.1434781,-.062982775,-.086596303,-.071077645,-.15239723,-.10210484,-.051365539,.030743321,-.039536398,-.1743605,.011100031
31mar2018,-.023499999,.076254226,-.029516287,.0048875315,-.044661939,-.050734304,.11758149,-.023827355,-.015188643,-.01663696,-.066943012,.00048345118,.01760754,-.022683326,-.03850599,-.026153423,-.019986819,.065768771,.058838893,-.020709254,-.041262895,.049555179,-.052856635,-.013201761,.038077287,.061314184,-.18295418,-.054146931,-.0065949303,.0069945389,.12272158,.03770433,.0086190533,-.065484658,-.096540473,-.060071364,-.021646008,.18048775,-.09487927,.032550946,.032590974,-.042294081,.0047356319,-.0075706509,.087915383,-.031043839,.037021946,.036255777,.021792777,-.016836386,-.020245034,-.036604427,.013735375,-.09415213,-.0052794688,-.016320756,-.032038096,.037860952,-.015283756,-.028570414,-.022770025,-.0024757353,-.030777659,-.056548186,.041244622,-.097306885,.051864136,.036738873,.0080086496,-.2372842,.055586692,.013295933,.053085718,.01352482,.057201266,-.035745647,.0033735926,-.054452825,-.060394119,-.033534616,-.015401551,.00051339332,-.0037523732,-.10594184,-.034820616,-.0094811227,-.043116532,-.00056877028,-.11802404,.00063764286,.046200708,-.04136546,.073375069,.039192438,.015284631,-.054154057,.03348875,.056503758,-.14763847,.051793955,.0092749866
30apr2018,.0029,.12183456,.078905851,.066880852,-.17065887,.10455623,.10543597,.056519069,.066141471,-.061239477,-.026376165,-.099763654,.088003069,.031441517,.0063419314,.026633695,-.027005484,-.14620966,-.089318544,.069887944,-.023795564,.013461953,-.028052768,.05823468,-.034701228,.16032954,.03052344,-.035791136,.038671751,-.008799498,.025382224,-.018006571,-.018044317,-.001106782,.062322997,.0085590584,-.054385081,.016245691,.017206745,.074161872,.031739868,.019726932,-.081332929,-.05137115,.0028285522,-.081698254,.03108551,.025409885,-.0097320518,.074931718,-.033759084,-.05562757,-.0056443848,.050573509,-.0087086232,-.056564521,.067586742,.1243168,.10702619,.052822102,-.013106367,-.077604756,-.12881869,.00038469536,.038042035,-.038746275,.011350544,.018959554,.054779783,.046185587,.043180417,.080661736,.017058417,.057814602,.061792977,-.042032033,-.017975215,-.016677801,-.02053478,.070244946,.041245326,-.077683121,-.0044109789,.011290746,-.01178888,.018724758,-.029003926,-.0017581262,.05243231,.090915285,.0067263818,-.030963149,.0054795332,-.084766313,-.031501971,.031410445,-.039011758,-.0089492286,-.079524703,.30020741,-.093124926
31may2018,.026500002,-.021233404,.097261578,.18360427,.0092829224,.021499239,.27849028,.062270362,.0005095189,-.015960334,-.016529433,-.0067108585,.14534414,-.009110433,-.024715632,-.081207469,.10947818,.059789427,.1649812,-.044451855,.10984848,-.044510826,-.10627504,.0014877567,.12369286,.053335287,.024637351,-.044625334,-.026199872,-.079607666,.020063514,-.065039605,-.049885072,-.0092345914,.0042862091,.041590579,.041678745,.10407687,.060912061,.31289431,-.039796397,.024728049,.046158411,-.042924494,.073297583,.019102326,.094285175,.074221984,.11076733,-.25236571,.017351661,.071549416,-.010602337,-.089318968,-.013981703,-.088197649,.042739183,-.0031631275,-.035426341,.27169117,.080782436,.06469629,.10466424,-.036897592,.06289383,-.069934852,.011210836,.13066821,-.067377515,.15108186,.079376757,.011094485,.051908933,.12514737,-.010047682,-.066986389,.048906084,.092376903,.031547278,.022868551,-.0056566759,.016061448,-.041953318,-.018637259,-.010293556,-.010004949,.12191962,.070053622,-.015328371,.099256381,-.041093554,.012249502,.042389322,-.032923657,.092620805,.069566369,.090110898,.075408019,.15117235,-.037379131,.034684293
30jun2018,.0047999998,.074550003,.029219897,.14035486,.051574696,.019335305,.037867401,-.0052600908,-.081382409,.0039080018,.050524291,.031292386,-.021581693,.0096244859,-.020757152,-.034503281,.077111959,-.067126952,-.044193648,.084491231,-.014950014,.047588959,-.034675442,-.016881326,.055384289,-.035999574,-.063690558,-.0067712343,-.052084487,.072594285,.15306832,-.012649273,-.038507465,.0065440102,-.015093848,-.020535234,-.022457091,-.10324258,-.04739631,-.10401277,-.023758078,.17806517,-.010189809,.027727162,.031435404,-.032561868,.0010886972,.046150357,.053394526,-.0029004442,-.011191782,-.052451197,-.13810855,.037989002,.019791262,-.019477049,.040803995,.056075517,-.0068679559,.010183168,-.005352268,-.095927298,-.060410146,-.027203925,.05630821,.11989897,.043172106,.025026483,-.012189514,.13763027,-.10570281,.027417405,.029117435,.11316547,.036662366,.059393235,-.075254112,.042121824,.0073998077,-.0019165089,-.045389619,-.056396376,.1492893,.0033321197,-.047852285,-.0047602043,-.060745556,.015356587,.06397555,.010856569,-.028782863,.012397149,.077063181,.027145984,-.029677628,.11774205,.0073728799,-.099573202,-.034528229,-.0452164,.060689501
31jul2018,.0319,.025556343,.02013074,.030874418,.069171675,.031985361,.033247605,.12003635,-.00091610959,.080641881,.023854362,.033147164,-.026057554,.10047306,.046548363,.079002582,-.087142274,-.093919665,-.014633873,.044991061,.015162317,.0020349121,.056677014,.0071768304,.040618327,.098076977,.005499952,.074775316,.048949253,.004050767,.06266021,.15952769,.10230511,.059642762,-.0034377677,.07074666,.02619963,.032459788,.061832037,-.014427557,.042049203,.10944357,.07802631,.066674724,.014541348,.038840685,.018903537,-.058644503,.056699734,-.020956621,.10633334,.12818286,.072333418,-.040475771,.021761643,.074870124,.061959129,.037636135,-.071141802,.045155428,.21068537,.19093326,.035560519,-.051481485,-.010142096,.047336128,-.013500078,.16124015,.05164795,.065563522,-.030503629,.085039645,-.002480736,-.13803793,-.028607847,.098539725,.023809863,.017910035,.10312472,.055041581,.08168906,-.023565248,.016833968,.074134454,.029426163,.13209608,.033467345,.10474589,.085844859,.11895775,.065720305,.20597351,.0029650438,.040472429,.0039698319,.10167754,.021106282,-.032521173,.14188378,.046793699,.064320028
31aug2018,.034400001,-.035482716,.13504164,.29560602,.030504964,.060051486,.39319885,.033389177,-.0028539666,-.058650557,-.013719602,-.0028599873,.053882416,.048540317,.045541041,-.017542733,-.11927896,-.098636538,.038013812,.045798689,.0095684286,.016054509,.070462532,-.064706795,.16130546,-.032588281,.040525891,.19250123,.012352467,.10053333,.32564244,.034213345,.041610129,.020617468,-.024820076,-.066321887,.05484549,.11732799,-.033296976,.24518389,.06202044,.048491817,-.010930248,.0031904546,.12044516,-.015632318,.10567778,-.018862711,.091996387,.00076680892,.0098666735,-.030249635,.027202284,.1041746,.015101789,.051937655,.10181672,-.083195224,-.033103909,-.10852241,.082271151,.024985224,-.0069708209,-.015986586,.061768048,.014361834,.065399751,.093805499,-.0081541575,.30964211,.33337343,.041160118,.036595654,.089450307,.088273682,-.027115215,.245956,.061153252,.05685408,.044222355,-.0010264365,-.0027672232,.062313493,-.0029285215,.034557473,.019352445,.14678134,.043342799,-.003145081,-.017218703,.021318574,.01521803,.058538564,-.009087231,.045984589,-.041607004,.056702293,.012850583,.071952783,-.041727625,.023869371
30sep2018,.00059999997,-.014917905,.029326748,.11335018,.025143385,-.0057957214,.069550179,.038186092,-.03241482,-.03620613,.041828256,.043626983,.038123917,.061291181,-.050494324,.03112182,.062303353,-.066525139,.058902629,-.0005367414,-.04558764,-.019808352,-.0066231135,-.027893921,.02645289,-.048981637,-.014711376,.032179039,.017961726,.062564284,.077411234,-.018442772,.023903549,-.017367428,-.022368524,.021207178,-.042107034,.056670714,.084795803,.13783391,-.018719014,-.038050931,.029749678,-.012880557,-.19884993,-.041028138,.058235046,-.051503096,.0093952063,.055430591,-.00099024945,.036126111,.063298762,.02488333,-.022693822,.04736549,.024875,.07887356,-.074194215,.056046441,.037232395,-.0059509138,.050042484,-.030822754,-.078328148,-.042989179,-.0057429839,.034342211,-.001715142,.22747627,-.056621291,.041193347,-.0012689035,.017417427,.0062606921,.027335538,-.055515189,.0053357538,.03157372,-.029980656,.017824836,.063126706,.054887816,.0068935365,-.063050188,.021414833,.0010863459,-.073049963,.058378674,-.031882748,-.052472766,.053291898,-.026392125,.0080063045,.012151785,.045503847,.035150103,-.023664128,.057739604,.025959298,.0024946777
31oct2018,-.076799996,.17341523,.010955226,-.19714734,-.18081628,-.017787263,-.12834564,-.070352234,-.05936484,-.17752887,-.10223065,.078269802,-.13082463,-.023076398,-.075362705,-.074576028,-.24507493,-.26442209,-.1914023,-.11701657,-.12748192,-.045116853,-.065149121,-.1579062,-.051070228,-.087986581,-.16824032,-.1400571,-.11852305,-.023384325,-.14763649,-.06348975,-.090946727,-.01038367,-.066185787,-.068401031,-.059465189,-.031698134,-.045977104,-.17070979,-.030350838,-.052596498,-.15233225,-.037178401,-.051002502,-.1424306,-.06943278,.039315347,-.10995099,-.14724483,-.010007815,-.12169203,.025,-.045918468,.029513324,-.14698745,-.092179239,-.17293082,-.093961962,-.13716695,-.04033947,-.10715397,-.099207088,-.17955676,.067145824,-.093329228,.0028010602,-.15247676,-.073222227,-.23882738,-.17442019,.03747911,.0032773069,-.19354032,.11252955,-.11711209,-.088937618,-.10318058,-.13342558,-.044396088,-.085138157,-.17478102,.097024873,-.087696671,-.024504103,-.042890225,-.24992704,-.080740705,-.12170082,-.21812174,-.1476216,-.095059194,.046574205,-.10477099,-.10104036,-.13290495,-.081829906,-.0088282414,-.12704992,-.2112136,-.11832936
30nov2018,.016900001,-.016422546,.03872811,-.099515446,.057626024,.079854108,.25603187,.022061577,-.028692247,.05618332,.16414538,-.15713032,.011603021,.081753038,-.030792292,.0096190814,-.076100767,.053715814,.048232153,.09637928,.075472109,-.014339185,-.016543413,-.12117904,.11220603,-.082974471,.21076843,.017238978,.093904488,-.0016087892,.10192462,-.027627604,.036916155,.041747831,.083940417,.021670027,.0085617499,.061745554,-.018463554,.090494275,-.063537575,.077992879,.094513074,.044775613,.046261776,.025938671,.038285468,.065583959,.094700567,.2219623,.052963607,.063955225,.15101233,.014630415,.046457682,-.0098090712,.018442424,-.019420933,.094073832,-.18253992,.080802679,.15254404,.14338219,.061959095,.093750767,.12908368,.024444561,.084535837,.033410594,-.26723632,.11894054,.077692673,.066758163,-.052008968,.033076398,.054998145,.23274732,.080320291,.042186238,.029658368,.067963094,-.0034640057,.041516673,-.0035728549,-.02665602,.067900501,-.22420007,.041922823,-.0078917975,.15489981,.039243944,.014079786,.076074772,.066516668,.084460668,-.026061133,.059001792,.058303956,-.073770605,-.13844806,.025319025
31dec2018,-.0955,-.04109706,-.1230428,-.20640333,-.027842596,-.11474463,-.05508478,-.12432373,-.07314942,-.077469781,-.11180348,-.084451184,-.031735558,-.055966247,-.17941408,-.13038445,-.06153575,-.17448282,-.096085139,-.10582987,-.053738702,-.064464033,-.11263882,-.19142473,-.11376737,-.078965001,-.022222623,-.1347889,-.080149367,-.070866875,-.16829233,-.1587255,-.084003478,-.15415335,-.082793303,-.13592926,-.15727253,.030286642,-.070120268,.0021983045,-.073709175,-.10887706,-.076397628,-.065099336,-.066590533,-.017056819,-.16563912,-.049055476,-.049946874,-.14556766,-.05093167,-.13701735,-.034930505,-.16326296,-.10106025,-.11704928,-.098016568,-.15599997,-.0054685371,-.10931616,-.1358622,-.11777561,-.032010645,-.12997967,-.064848781,-.17542644,-.0075598555,-.11147685,-.053008944,-.2482565,-.061735347,-.030336928,-.027966054,-.06470941,-.053606998,-.12334916,-.026499797,-.079440407,-.11637537,-.050468463,-.0040936251,-.057800323,-.068097934,-.19663928,-.18250158,-.10275248,-.18329485,-.10363789,-.10730119,-.25755793,-.068938568,-.062541947,-.045612872,-.063130617,-.066297397,-.14370111,.018447984,-.048424419,-.012725639,-.058002342,-.1107144
31jan2019,.084100001,-.014587999,.023314934,.29496318,-.042900767,.084442861,.24640955,.12153157,.12599887,.11231569,.12815344,-.00098487642,.10896506,-.019172877,.13360672,.12968399,.16875161,.21675764,.10056191,.10696152,.073378064,.11984491,.17999148,.2251576,.010875428,.10731194,-.11857441,.14415804,.11209971,.094306998,.14403427,.099976726,.031695619,.11929984,.11718603,.1818362,.065971315,.033677723,.19554593,.29183128,.063240223,-.021422034,.076634459,.03122478,.059473388,.07016746,.062794335,.089679107,.14130454,.11228859,.074889623,.12635344,.057899531,.12038952,.11120863,.084633999,.093201764,.13985316,.091335431,.10192411,.12019463,.16441944,.099241771,.12397278,.1005248,.16276689,.043766409,-.067323998,.052109711,.46686155,.19047831,-.026087843,.058805048,.26822522,-.0037718322,.1190896,.13666117,.095170289,.13031814,-.014688776,.046796039,.12497813,-.11221177,.2380117,.15127261,.097595237,.076604024,.11602239,.12217547,-.015691003,.10917295,.10078496,.1290767,.093855172,.18868698,.14348264,-.16439736,.0038735897,-.13002914,.096104078,.1081608
28feb2019,.034000002,-.041505463,.11993983,.0023422118,.046234425,-.10370293,.093004867,.074274734,-.012741077,.15875156,.066839464,.061856072,-.018428752,.021051401,.080931105,.051282436,.038228143,.11787622,.10902383,-.0028358023,.050505549,.028360367,.050523564,.0079945838,.016056024,.018325375,-.013227595,.062250428,-.001449516,.037051953,.012257881,.11347069,.047268711,.010209652,.0029081053,-.01109057,.042227235,.018671798,.14649764,.029572187,.079674967,.012271281,.091482371,.066446222,.15864913,.019351723,.047020506,-.02722637,.051660717,.073274627,.058175489,.059000842,.036343686,.0036549317,.05461812,.018153289,.045625724,-.05256936,-.015187594,.070964627,-.000065223903,.040868834,.000093901326,.013531243,-.027130937,.11497927,.049702093,.11772412,-.0046987985,.47459972,.088283189,.092017129,.024928335,.054636452,.024424668,-.07142555,.09019319,.087703094,.0075879614,.0935627,.035714075,.056556012,.099655874,-.00061867147,.08888302,.056429964,.074068993,.1016579,-.06265001,.060884424,.015254709,.052483071,-.012755565,.018248256,.11033879,-.0045971149,.080335669,.13091317,.078000218,.12768242,.088535167
31mar2019,.011,.081070922,.025116969,-.13626772,-.076619804,.024545411,.061391506,.042172957,-.070795134,.046433788,.061656006,.1112427,.060508851,-.020458207,-.12962522,-.041577209,.060919143,-.034046441,-.041377809,.0067389118,.0025832024,.057667736,-.051439065,-.011279525,.054312896,-.012507849,.016878525,.0095892297,-.058135744,-.043227158,.054287184,-.0028618188,-.037666634,-.060647186,-.039220851,-.03007108,-.022771392,.019035514,-.13321589,-.025488211,-.0022774218,.0027792784,.044243451,.0078795338,.03256708,-.016481886,.065758742,.071268529,.019612504,.022073749,.031410128,-.017519442,.057911698,-.045536488,.0093019968,-.010711797,.04178758,.012394861,.055948537,.11673682,-.062442567,.02160845,-.021060294,-.077936672,.029236712,-.14507452,.020945977,-.0068085873,.0063515212,-.027010046,-.083172753,.029911617,.031535421,-.0044588079,.0321295,.0093608433,-.025823973,.041129652,.047161214,-.0038720532,.017342679,-.070374914,.10757811,-.027666934,-.12035324,.055129442,.16385047,-.021891152,.0012550949,.0061206762,.063868396,-.049282141,.017066238,.040376052,-.015289008,.05652184,.01487632,.013814467,.080439903,.050637707,.02828349
30apr2019,.0396,-.065427206,.058540218,.022846583,-.018417558,-.057563983,.061444446,.091483191,.070451736,-.0035752405,.030613383,-.054153752,-.058835033,-.043970622,.097351499,.15034743,-.068855509,.063495412,.033691611,-.036173876,.11069518,.021608826,.024452349,-.020601917,-.024862738,-.0096317604,-.0020036306,.01022104,.083451971,.056120224,-.087030448,.14633772,-.069033489,.10627861,-.0097315386,-.022111582,.13619418,-.030301282,-.0099542476,.25728905,.051640678,.050861333,.062498249,.04084564,.11089943,.18434513,.047886711,.017291393,.087344281,.05289153,.032834332,.029746346,.044753708,-.060034148,.0084508359,.074052803,-.10524353,.011078163,.13913834,.0213314,-.02433514,.10362583,.036048729,.027936235,-.04248812,.091800086,.0099187177,.0040414212,.069927238,-.014436355,.10769017,-.053800106,.016182471,.039032988,-.10332873,.00028646406,.066094123,.051071882,.1387188,.075731471,.0074249953,.075158827,.025846116,.1361156,.12355278,.013452063,.0078446027,.074190445,.20595908,.0045726961,.070632167,-.037939347,-.048737299,.068488523,.096659265,.040693473,.0050188107,-.049709447,.51008278,-.13365264,.029029917
31may2019,-.069399998,-.1519305,-.023103479,.021625282,-.023005076,.037281558,-.037727866,-.039573684,-.08772213,-.10616579,-.029923007,-.097174816,-.018356817,.031301185,-.10964055,-.117182,-.01676243,-.27208424,-.11298315,-.030498167,-.10907504,.036222421,-.13236977,-.1873821,-.068236567,-.13423635,-.033932403,-.02271297,.010826744,.0059902282,.097256154,.025001917,-.017088585,-.058689628,-.14052942,-.15910265,-.071030378,-.17335935,-.090506777,.088164903,-.030976025,-.11773477,-.071401037,-.10577145,.061619416,-.11496388,-.048423097,.03329014,-.012684496,-.22652777,.018550547,-.17172456,-.01648736,.046687916,.013718311,-.074829556,-.089828953,-.14770234,.015396867,-.17370497,-.046343062,-.13298862,-.15389112,-.18359208,.052025963,.037744462,-.010118815,-.016489102,.0023897139,.42143217,-.17439987,.0061774375,-.049588084,-.073743306,-.011441915,-.043071683,-.0075182868,.024985772,-.040975802,-.0033876142,.023384539,.050315082,.013269174,-.11545011,-.10017501,-.037911531,-.25092301,.021423969,-.066147909,-.15659779,-.031825867,-.088433549,.077692233,-.043724936,-.0031461373,-.084140591,.095386229,-.13203801,-.22437099,-.10177588,-.11739004
30jun2019,.069299996,.069217093,.079429276,.14248593,-.00059081794,.013458667,.032882806,.021321764,-.034276415,.12356132,.16153112,-.019803159,.083262473,.043202601,.090889804,.093160234,.087731391,.29203966,.12830809,.082883365,.10003215,.042768467,.098164909,.16179512,-.0053102099,.15752327,-.05216407,.13042645,.074725561,.0093815904,.0060358569,.064150155,.065703489,.051158056,.034050047,.1561579,.056563638,.031577371,.065421849,.090735003,.064555265,.14166616,.11096189,.11509127,.045457166,.13697454,.063564472,-.0017854935,.072575405,.16623895,.059690736,.10048822,.10200619,.094892383,.043260034,.095501326,.12827852,.13761258,.052536651,.057350002,.11732685,.065230854,.18749078,.023153093,.075111195,.031696104,.037919819,.19938733,.064297035,.0018411505,.10301694,.065498509,-.0030618035,.069880292,.026439028,.095487416,.007002655,-.040947299,.17342992,.060983974,.068271056,.065340512,-.0067508719,.12664002,.085178435,.10059075,.21223742,.069543004,.11063411,.15021873,.0085029388,.15206915,.0083646793,.029295566,.036461323,.13405108,.069163002,.086816378,.14868745,.15024701,.070368707
31jul2019,.0119,.059185103,-.000066418776,.027397757,-.012208647,.020332627,.02008369,-.041346315,.075233556,.042089518,-.099265479,-.0060717431,-.048368704,-.10357478,.066106744,.0029109758,-.086668305,.13317499,.11856069,.0029764641,.095650554,.027525898,-.038954284,.0056292829,-.022864966,.096271001,-.070072159,-.063337229,-.0051915576,.075239561,-.072535023,.028019495,-.0075086681,.090490513,.06959489,-.013225484,.018356107,-.027223691,-.062876388,.059108123,.055992708,.11613654,-.013698626,.0056680767,.037171077,-.035447534,-.13443199,.05912536,.0090690525,-.0093495343,.013970128,-.018775195,.12938955,.022009153,-.005245348,.015682196,-.0097665684,-.075630531,-.0079055335,.0028318372,-.012439162,-.048476357,-.00052041013,.036052864,-.015666738,.0098682996,.026938135,-.1869572,-.020827793,.1406012,.075865522,-.010414747,-.060233437,-.12084329,.016119344,-.030353723,-.027398339,.016394014,.090515159,.072378993,-.039749634,.069353595,.02621771,.015977606,.06378033,-.054639399,.027181374,.097401612,.152624,.082338884,.064761691,-.07478971,-.0017218182,.0066293436,.059800599,.058409125,.054500356,.055826634,-.038412578,.030698355,-.067258433
31aug2019,-.025799999,.051719628,-.060580902,-.15195045,.082280539,-.060412038,-.062242456,-.084822692,-.11063986,-.0011144248,-.13222452,-.070879042,-.083632953,-.076276787,-.082368158,-.19983327,.012623426,.062587015,-.019417077,.0042970469,-.010212526,.051733464,-.038407527,-.18877481,-.084373906,-.029614288,-.013342577,-.11229613,-.09531644,-.021204449,-.018961471,.06393487,.0089434702,-.078173585,-.1037139,-.099434562,-.05876603,.066064663,.073675022,-.033229716,-.04210395,-.0024921724,-.041200183,-.052211817,-.027735552,-.0078798216,-.040756315,.084660687,-.034431498,.081700802,.019952131,-.043897573,.023480441,-.051715966,.01089905,-.080791958,-.015859691,-.13595162,.076077588,-.096491933,-.096833944,-.0059774895,-.064968832,-.11684878,.090519056,-.090097658,.055266846,-.060391199,-.10112815,.46468812,-.17373469,.041799434,.057109859,-.090662457,.0393885,-.030353112,-.11364469,-.016388599,.03696546,.028918736,-.041954927,.06439773,.027178379,-.089034915,-.094604611,.033646557,-.0063222256,.012767911,-.088363774,-.10774847,.080322534,-.08777786,.099353798,.033460204,.11881281,-.029428875,.085364863,-.055917751,.062879249,-.1393166,-.066913895
30sep2019,.0143,.032951292,-.11243897,.16985692,.054769911,-.067052454,-.15735088,.032082122,.09287326,.023174325,.072338924,-.047072243,.055954505,.010539181,.093670547,.12296148,.044043001,.041232929,.038849939,-.0009541614,.044213641,.029404944,.10585727,.070003428,.19930311,.038073663,.15166016,.034231663,.064409822,.0090748565,-.15796393,-.013205323,.0093815047,.058142789,.07474301,.047361512,.05018479,.087762102,.044838879,-.22181007,.061281778,.016696451,.07006228,.069531381,.065375932,.021336505,.069573946,-.034553032,-.074812748,.016194088,-.032486957,.078454621,-.084449917,.00057930523,.0014517653,.013199287,.055761918,.00025436751,.032734137,.09810248,.001680279,.066799715,.093736134,.16354541,.0057687401,-.010547136,.048328247,.081175081,.07078822,-.32784554,.053865384,-.020163458,.022067515,-.089103192,.026134921,.0066486285,-.041440614,.012946703,-.018638743,-.022649327,.042496469,.022324283,-.040488921,.073354259,.048160613,.015164033,.03901184,.016150227,.074259341,.038139269,.065344237,.023907436,.026355337,-.0087811491,-.0070752078,.038936712,-.030228967,.086751498,-.011521619,.069467321,-.033154238
31oct2019,.020599999,.075799964,.050516315,.13100317,.14071511,.16267639,-.12198749,.018073428,-.026900047,.11309899,.00064160983,.094985023,-.024070449,.067784823,.017574092,.013104574,-.014641466,-.12640704,.071122862,.01189271,-.080290228,.039726399,.081615336,-.043437842,-.01777917,.1406953,.065775283,.026414551,-.0079706302,.049259286,.072058745,.0039504464,-.10793345,.030232791,.040911488,.057623982,.024825541,.013752712,-.10672998,.1076345,-.020919997,.058074355,-.0019764532,.055650886,.02863138,-.039618447,.077432871,-.039073814,.0072439234,-.031864319,-.02438587,.043503642,-.043780282,.036921043,.040508926,.065364398,.023989236,-.062386535,-.021850154,.34403995,.108827,.10643103,.032243986,.11611084,-.10871051,-.033366472,.0017410719,-.028722726,-.048299044,.4464159,.01769275,.029335678,-.058497999,.073823139,-.060238425,.0050816862,-.04601815,.017841924,.088327095,.044800125,.015930055,-.059651665,.031475686,.04011821,.0039311564,.03664501,.15469778,.002001073,-.17460445,-.034775715,-.0065753898,.038795039,.055726815,-.061006177,.079024233,.073618025,.094686635,.09690585,.054410927,-.077711217,.0062927436
30nov2019,.038699999,.076014802,-.0025973085,.093111485,-.0075952052,.1074188,.069494031,.063086815,.22063465,.0063864775,.02042657,.10952266,-.016509423,.013511507,.033440374,.038045645,.047721583,-.025656624,.05212979,.0096656261,.018715162,-.0041494197,-.035444342,.1072723,-.033334862,-.010620484,.1027284,.017219277,.076605238,-.049821753,.15171911,.053361673,.015896834,.052688509,.047386643,.046510942,.076802313,-.0098208282,.083472013,.18977806,.050891981,.017848372,.080205515,.033692412,.076860309,.040980965,.041307058,-.055502154,.0036890747,.093752868,.0061383015,.14513157,.01523877,.034336295,.042845376,.11978693,.072148845,.022840405,.042604841,.074512482,.041217249,-.011786155,-.035071865,.13657324,-.10440107,.065640241,-.0051481929,.085308768,.039955091,.089370109,.24381463,.0059004608,-.016045123,.094712287,.088919319,.055307314,.10448806,.02955088,.029328516,.0037526889,.036649283,.0016328309,.053170267,.052738119,.093756646,.039538383,.078896746,-.034014817,.045013551,.13425823,.060187526,-.013278546,-.063724168,-.011470264,-.17360565,.027175404,.013996772,.032439992,.038562357,.056225929,.046857782
31dec2019,.0277,.024293916,-.010705398,-.00035550116,.12721035,.054337937,-.048528749,.0031391464,-.039308582,.030817814,.10256469,.020743473,.0086378753,.017017312,.040806174,.0011651076,.064233392,.26096022,-.0086591113,.055189673,.067099035,-.018459266,.0094022639,.12586436,.019878441,-.028969521,.0091162063,.028504107,.021121567,-.0017716634,.0012855474,.081525199,.024148855,-.0054497044,.027655438,.0056057973,.028880434,.00038674619,-.11049954,-.11115073,.0097620934,.040979225,.0087168934,.035974607,.021681085,.033644527,-.039752711,.0046596825,.010054247,.024782868,.013786934,.034758743,.029029995,-.03299119,.030789232,-.0032556977,-.0030682606,.18126558,.0042399997,.0031159827,.065872088,.04014235,.035362229,.060047064,.0038304459,.062237062,.018964896,.034114536,.03112106,-.16517247,.0035691662,.050280739,.026685121,.028199611,.012908265,-.024660958,-.082017072,-.012425071,.031605955,.045988254,-.035492297,-.022290245,.0063505047,.063381732,.055785574,.035279751,.085515887,.046642847,.038329747,-.009916856,-.047090467,.0022938023,-.011871237,.014923151,.068687081,-.010967803,.035779059,.030891078,.064085901,.14305907,.058356378
